{
    "metrics": {
        "checks": {
            "fails": 0,
            "passes": 111274,
            "value": 0
        },
        "data_received": {
            "count": 79976548,
            "rate": 133050.7045498096
        },
        "data_sent": {
            "count": 45621247,
            "rate": 75896.4872526242
        },
        "http_req_blocked": {
            "avg": 0.051663995497599334,
            "max": 27.422581,
            "med": 0.00424,
            "min": 0.002478,
            "p(90)": 0.005256699999999998,
            "p(95)": 0.005893
        },
        "http_req_connecting": {
            "avg": 0.04685496976831967,
            "max": 26.38442,
            "med": 0,
            "min": 0,
            "p(90)": 0,
            "p(95)": 0
        },
        "http_req_duration": {
            "avg": 39.416421663587485,
            "max": 611.746037,
            "med": 37.122477,
            "min": 28.141109,
            "p(90)": 50.570930999999995,
            "p(95)": 54.86909255
        },
        "http_req_receiving": {
            "avg": 0.05928613229505576,
            "max": 4.256766,
            "med": 0.057272,
            "min": 0.03642,
            "p(90)": 0.067385,
            "p(95)": 0.07197434999999999
        },
        "http_req_sending": {
            "avg": 0.02591813569207521,
            "max": 1.134467,
            "med": 0.027154,
            "min": 0.012778,
            "p(90)": 0.030387699999999997,
            "p(95)": 0.03280269999999998
        },
        "http_req_tls_handshaking": {
            "avg": 0,
            "max": 0,
            "med": 0,
            "min": 0,
            "p(90)": 0,
            "p(95)": 0
        },
        "http_req_waiting": {
            "avg": 39.33121739560039,
            "max": 611.622728,
            "med": 37.0369025,
            "min": 28.068269,
            "p(90)": 50.4839483,
            "p(95)": 54.77946855
        },
        "http_reqs": {
            "count": 111274,
            "rate": 185.1178185144414
        },
        "iteration_duration": {
            "avg": 1079.450217059586,
            "max": 1932.505907,
            "med": 1075.6451,
            "min": 1061.776804,
            "p(90)": 1091.9571356,
            "p(95)": 1097.3884360000002
        },
        "iterations": {
            "count": 55637,
            "rate": 92.5589092572207
        },
        "vus": {
            "max": 100,
            "min": 9,
            "value": 9
        },
        "vus_max": {
            "max": 100,
            "min": 100,
            "value": 100
        }
    },
    "root_group": {
        "name": "",
        "path": "",
        "id": "d41d8cd98f00b204e9800998ecf8427e",
        "groups": {},
        "checks": {
            "Cwrite successfully": {
                "name": "Cwrite successfully",
                "path": "::Cwrite successfully",
                "id": "a6b3ab859f62854d813c33858a10f83a",
                "passes": 55637,
                "fails": 0
            },
            "Read Successfully": {
                "name": "Read Successfully",
                "path": "::Read Successfully",
                "id": "e67f482b341ab72b9649bc36516955f5",
                "passes": 55637,
                "fails": 0
            }
        }
    }
}
