{
    "metrics": {
        "checks": {
            "fails": 60,
            "passes": 315152,
            "value": 0
        },
        "data_received": {
            "count": 226532136,
            "rate": 99314.41694056528
        },
        "data_sent": {
            "count": 129239730,
            "rate": 56660.25428951097
        },
        "http_req_blocked": {
            "avg": 0.14011331058462417,
            "max": 41.997061,
            "med": 0.004374,
            "min": 0.002502,
            "p(90)": 0.005635,
            "p(95)": 0.006509
        },
        "http_req_connecting": {
            "avg": 0.13299409016154212,
            "max": 41.936802,
            "med": 0,
            "min": 0,
            "p(90)": 0,
            "p(95)": 0
        },
        "http_req_duration": {
            "avg": 1138.8633926197558,
            "max": 4665.505214,
            "med": 1041.760717,
            "min": 0.997543,
            "p(90)": 2361.9209346000007,
            "p(95)": 2738.1879886000006
        },
        "http_req_receiving": {
            "avg": 0.06015499271284245,
            "max": 3.214711,
            "med": 0.057991,
            "min": 0,
            "p(90)": 0.06890690000000002,
            "p(95)": 0.073955
        },
        "http_req_sending": {
            "avg": 0.029412124846135933,
            "max": 50.786112,
            "med": 0.02623,
            "min": 0.012478,
            "p(90)": 0.031019900000000024,
            "p(95)": 0.03394490000000002
        },
        "http_req_tls_handshaking": {
            "avg": 0,
            "max": 0,
            "med": 0,
            "min": 0,
            "p(90)": 0,
            "p(95)": 0
        },
        "http_req_waiting": {
            "avg": 1138.773825502181,
            "max": 4665.422215,
            "med": 1041.6834924999998,
            "min": 0.961409,
            "p(90)": 2361.8361764000006,
            "p(95)": 2738.1063605000004
        },
        "http_reqs": {
            "count": 315212,
            "rate": 138.19273744308606
        },
        "iteration_duration": {
            "avg": 3278.526615301294,
            "max": 7657.057568,
            "med": 3149.2185885,
            "min": 1063.189644,
            "p(90)": 5481.158434,
            "p(95)": 6050.62539225
        },
        "iterations": {
            "count": 157606,
            "rate": 69.09636872154303
        },
        "vus": {
            "max": 400,
            "min": 1,
            "value": 1
        },
        "vus_max": {
            "max": 400,
            "min": 400,
            "value": 400
        }
    },
    "root_group": {
        "name": "",
        "path": "",
        "id": "d41d8cd98f00b204e9800998ecf8427e",
        "groups": {},
        "checks": {
            "Create successfully": {
                "name": "Create successfully",
                "path": "::Create successfully",
                "id": "9b890c96e9b0bc637072feba76884f57",
                "passes": 157576,
                "fails": 30
            },
            "Read Successfully": {
                "name": "Read Successfully",
                "path": "::Read Successfully",
                "id": "e67f482b341ab72b9649bc36516955f5",
                "passes": 157576,
                "fails": 30
            }
        }
    }
}
