{
    "metrics": {
        "checks": {
            "fails": 0,
            "passes": 78174,
            "value": 0
        },
        "data_received": {
            "count": 56186145,
            "rate": 293980.81672554236
        },
        "data_sent": {
            "count": 32050395,
            "rate": 167696.16955347694
        },
        "http_req_blocked": {
            "avg": 0.3401064092665091,
            "max": 40.472343,
            "med": 0.005042,
            "min": 0.002813,
            "p(90)": 0.0075806999999999975,
            "p(95)": 0.011419349999999991
        },
        "http_req_connecting": {
            "avg": 0.3334267827922331,
            "max": 40.398955,
            "med": 0,
            "min": 0,
            "p(90)": 0,
            "p(95)": 0
        },
        "http_req_duration": {
            "avg": 495.3999935897908,
            "max": 834.037503,
            "med": 580.5070335,
            "min": 28.181954,
            "p(90)": 673.3460858999999,
            "p(95)": 702.3733997999999
        },
        "http_req_receiving": {
            "avg": 0.062404749993603924,
            "max": 5.789822,
            "med": 0.058879,
            "min": 0.032086,
            "p(90)": 0.0754797,
            "p(95)": 0.08433669999999997
        },
        "http_req_sending": {
            "avg": 0.028504597513239735,
            "max": 3.349385,
            "med": 0.027828,
            "min": 0.01361,
            "p(90)": 0.034612,
            "p(95)": 0.040022049999999976
        },
        "http_req_tls_handshaking": {
            "avg": 0,
            "max": 0,
            "med": 0,
            "min": 0,
            "p(90)": 0,
            "p(95)": 0
        },
        "http_req_waiting": {
            "avg": 495.3090842422861,
            "max": 833.952511,
            "med": 580.4240474999999,
            "min": 28.070964,
            "p(90)": 673.2508667,
            "p(95)": 702.2899839999999
        },
        "http_reqs": {
            "count": 78174,
            "rate": 409.02710742483845
        },
        "iteration_duration": {
            "avg": 1992.0363915468893,
            "max": 2561.994202,
            "med": 2163.142289,
            "min": 1063.327464,
            "p(90)": 2326.7014008,
            "p(95)": 2380.0842741
        },
        "iterations": {
            "count": 39087,
            "rate": 204.51355371241922
        },
        "vus": {
            "max": 500,
            "min": 1,
            "value": 1
        },
        "vus_max": {
            "max": 500,
            "min": 500,
            "value": 500
        }
    },
    "root_group": {
        "name": "",
        "path": "",
        "id": "d41d8cd98f00b204e9800998ecf8427e",
        "groups": {},
        "checks": {
            "Create successfully": {
                "name": "Create successfully",
                "path": "::Create successfully",
                "id": "9b890c96e9b0bc637072feba76884f57",
                "passes": 39087,
                "fails": 0
            },
            "Read Successfully": {
                "name": "Read Successfully",
                "path": "::Read Successfully",
                "id": "e67f482b341ab72b9649bc36516955f5",
                "passes": 39087,
                "fails": 0
            }
        }
    }
}
