{
    "metrics": {
        "checks": {
            "fails": 0,
            "passes": 112752,
            "value": 0
        },
        "data_received": {
            "count": 81038844,
            "rate": 244868.2086630993
        },
        "data_sent": {
            "count": 46227216,
            "rate": 139680.86185190603
        },
        "http_req_blocked": {
            "avg": 0.19092584990066766,
            "max": 48.274896,
            "med": 0.004707,
            "min": 0.002621,
            "p(90)": 0.006617,
            "p(95)": 0.009299449999999997
        },
        "http_req_connecting": {
            "avg": 0.18517379620760613,
            "max": 48.22342,
            "med": 0,
            "min": 0,
            "p(90)": 0,
            "p(95)": 0
        },
        "http_req_duration": {
            "avg": 157.63170182711573,
            "max": 652.92989,
            "med": 81.5082715,
            "min": 28.093792,
            "p(90)": 393.3405084000001,
            "p(95)": 431.96766935
        },
        "http_req_receiving": {
            "avg": 0.06113416154037161,
            "max": 15.732246,
            "med": 0.057992,
            "min": 0.029952,
            "p(90)": 0.072409,
            "p(95)": 0.0790149
        },
        "http_req_sending": {
            "avg": 0.027333505640698093,
            "max": 4.25432,
            "med": 0.0275595,
            "min": 0.013407,
            "p(90)": 0.03274190000000001,
            "p(95)": 0.036770449999999996
        },
        "http_req_tls_handshaking": {
            "avg": 0,
            "max": 0,
            "med": 0,
            "min": 0,
            "p(90)": 0,
            "p(95)": 0
        },
        "http_req_waiting": {
            "avg": 157.54323415993727,
            "max": 652.844066,
            "med": 81.42021249999999,
            "min": 27.99842,
            "p(90)": 393.2566431000002,
            "p(95)": 431.8775162
        },
        "http_reqs": {
            "count": 112752,
            "rate": 340.69316515894246
        },
        "iteration_duration": {
            "avg": 1316.1845429402717,
            "max": 2211.526951,
            "med": 1165.6356495,
            "min": 1063.065367,
            "p(90)": 1786.1383955000001,
            "p(95)": 1855.00588225
        },
        "iterations": {
            "count": 56376,
            "rate": 170.34658257947123
        },
        "vus": {
            "max": 400,
            "min": 5,
            "value": 23
        },
        "vus_max": {
            "max": 400,
            "min": 400,
            "value": 400
        }
    },
    "root_group": {
        "name": "",
        "path": "",
        "id": "d41d8cd98f00b204e9800998ecf8427e",
        "groups": {},
        "checks": {
            "Create successfully": {
                "name": "Create successfully",
                "path": "::Create successfully",
                "id": "9b890c96e9b0bc637072feba76884f57",
                "passes": 56376,
                "fails": 0
            },
            "Read Successfully": {
                "name": "Read Successfully",
                "path": "::Read Successfully",
                "id": "e67f482b341ab72b9649bc36516955f5",
                "passes": 56376,
                "fails": 0
            }
        }
    }
}
